,congress_numbers,current,description,enddate,party,phone,role_type,role_type_label,senator_class,senator_class_label,senator_rank,senator_rank_label,startdate,state,title,title_long,website,extra.address,extra.contact_form,extra.fax,extra.office,person.bioguideid,person.birthday,person.cspanid,person.firstname,person.gender,person.gender_label,person.lastname,person.link,person.middlename,person.name,person.namemod,person.nickname,person.osid,person.pvsid,person.sortname,person.twitterid,person.youtubeid,leadership_title,extra.rss_url,caucus,extra.how,age
0,"[115, 116, 117]",True,Senior Senator for Idaho,2023-01-03,Republican,202-224-6142,senator,Senator,class3,Class 3,senior,Senior,2017-01-03,ID,Sen.,Senator,https://www.crapo.senate.gov,239 Dirksen Senate Office Building Washington DC 20510,https://www.crapo.senate.gov/contact,202-228-1375,239 Dirksen Senate Office Building,C000880,1951-05-20,26440.0,Michael,male,Male,Crapo,https://www.govtrack.us/congress/members/michael_crapo/300030,D.,Sen. Michael “Mike” Crapo [R-ID],,Mike,N00006267,26830,"Crapo, Michael “Mike” (Sen.) [R-ID]",MikeCrapo,senatorcrapo,,,,,70.69041095890411
1,"[115, 116, 117]",True,Senior Senator for Iowa,2023-01-03,Republican,202-224-3744,senator,Senator,class3,Class 3,senior,Senior,2017-01-03,IA,Sen.,Senator,https://www.grassley.senate.gov,135 Hart Senate Office Building Washington DC 20510,https://www.grassley.senate.gov/contact,202-224-6020,135 Hart Senate Office Building,G000386,1933-09-17,1167.0,Charles,male,Male,Grassley,https://www.govtrack.us/congress/members/charles_grassley/300048,E.,Sen. Charles “Chuck” Grassley [R-IA],,Chuck,N00001758,53293,"Grassley, Charles “Chuck” (Sen.) [R-IA]",ChuckGrassley,senchuckgrassley,President Pro Tempore of the Senate,http://grassley.senate.gov/customcf/rss_feed.cfm,,,88.37260273972603
2,"[115, 116, 117]",True,Senior Senator for Vermont,2023-01-03,Democrat,202-224-4242,senator,Senator,class3,Class 3,senior,Senior,2017-01-03,VT,Sen.,Senator,https://www.leahy.senate.gov,437 Russell Senate Office Building Washington DC 20510,https://www.leahy.senate.gov/contact/,202-224-3479,437 Russell Senate Office Building,L000174,1940-03-31,1552.0,Patrick,male,Male,Leahy,https://www.govtrack.us/congress/members/patrick_leahy/300065,J.,Sen. Patrick Leahy [D-VT],,,N00009918,53353,"Leahy, Patrick (Sen.) [D-VT]",SenatorLeahy,SenatorPatrickLeahy,President Pro Tempore of the Senate,http://www.leahy.senate.gov/rss/feeds/press/,,,81.83287671232877
3,"[115, 116, 117]",True,Senior Senator for Alaska,2023-01-03,Republican,202-224-6665,senator,Senator,class3,Class 3,senior,Senior,2017-01-03,AK,Sen.,Senator,https://www.murkowski.senate.gov,522 Hart Senate Office Building Washington DC 20510,https://www.murkowski.senate.gov/public/index.cfm/contact,202-224-5301,522 Hart Senate Office Building,M001153,1957-05-22,1004138.0,Lisa,female,Female,Murkowski,https://www.govtrack.us/congress/members/lisa_murkowski/300075,A.,Sen. Lisa Murkowski [R-AK],,,N00026050,15841,"Murkowski, Lisa (Sen.) [R-AK]",LisaMurkowski,senatormurkowski,,http://www.murkowski.senate.gov/public/?a=rss.feed,,,64.67945205479452
4,"[115, 116, 117]",True,Senior Senator for Washington,2023-01-03,Democrat,202-224-2621,senator,Senator,class3,Class 3,senior,Senior,2017-01-03,WA,Sen.,Senator,https://www.murray.senate.gov/public,154 Russell Senate Office Building Washington DC 20510,https://www.murray.senate.gov/public/index.cfm/contactme,202-224-0238,154 Russell Senate Office Building,M001111,1950-10-11,25277.0,Patty,female,Female,Murray,https://www.govtrack.us/congress/members/patty_murray/300076,,Sen. Patty Murray [D-WA],,,N00007876,53358,"Murray, Patty (Sen.) [D-WA]",PattyMurray,SenatorPattyMurray,Assistant Senate Majority Leader,http://www.murray.senate.gov/public/?a=rss.feed,,,71.2958904109589
5,"[115, 116, 117]",True,Senior Senator for New York,2023-01-03,Democrat,202-224-6542,senator,Senator,class3,Class 3,senior,Senior,2017-01-03,NY,Sen.,Senator,https://www.schumer.senate.gov,322 Hart Senate Office Building Washington DC 20510,https://www.schumer.senate.gov/contact/email-chuck,202-228-3027,322 Hart Senate Office Building,S000148,1950-11-23,5929.0,Charles,male,Male,Schumer,https://www.govtrack.us/congress/members/charles_schumer/300087,E.,Sen. Charles “Chuck” Schumer [D-NY],,Chuck,N00001093,26976,"Schumer, Charles “Chuck” (Sen.) [D-NY]",SenSchumer,SenatorSchumer,Senate Majority Leader,,,,71.17808219178082
6,"[115, 116, 117]",True,Senior Senator for Alabama,2023-01-03,Republican,202-224-5744,senator,Senator,class3,Class 3,senior,Senior,2017-01-03,AL,Sen.,Senator,https://www.shelby.senate.gov,304 Russell Senate Office Building Washington DC 20510,https://www.shelby.senate.gov/public/index.cfm/emailsenatorshelby,202-224-3416,304 Russell Senate Office Building,S000320,1934-05-06,1859.0,Richard,male,Male,Shelby,https://www.govtrack.us/congress/members/richard_shelby/300089,C.,Sen. Richard Shelby [R-AL],,,N00009920,53266,"Shelby, Richard (Sen.) [R-AL]",SenShelby,SenatorRichardShelby,,http://www.shelby.senate.gov/public/index.cfm/rss/feed,,,87.73972602739725
7,"[115, 116, 117]",True,Senior Senator for Oregon,2023-01-03,Democrat,202-224-5244,senator,Senator,class3,Class 3,senior,Senior,2017-01-03,OR,Sen.,Senator,https://www.wyden.senate.gov,221 Dirksen Senate Office Building Washington DC 20510,https://www.wyden.senate.gov/contact/,202-228-2717,221 Dirksen Senate Office Building,W000779,1949-05-03,1962.0,Ron,male,Male,Wyden,https://www.govtrack.us/congress/members/ron_wyden/300100,,Sen. Ron Wyden [D-OR],,,N00007724,27036,"Wyden, Ron (Sen.) [D-OR]",RonWyden,senronwyden,,http://www.wyden.senate.gov/rss/feeds/?type=all&amp;,,,72.73698630136987
8,"[115, 116, 117]",True,Senior Senator for Missouri,2023-01-03,Republican,202-224-5721,senator,Senator,class3,Class 3,senior,Senior,2017-01-03,MO,Sen.,Senator,https://www.blunt.senate.gov,260 Russell Senate Office Building Washington DC 20510,https://www.blunt.senate.gov/public/index.cfm/contact-roy,202-224-8149,260 Russell Senate Office Building,B000575,1950-01-10,45465.0,Roy,male,Male,Blunt,https://www.govtrack.us/congress/members/roy_blunt/400034,,Sen. Roy Blunt [R-MO],,,N00005195,418,"Blunt, Roy (Sen.) [R-MO]",RoyBlunt,SenatorBlunt,Senate Republican Policy Committee Chair,http://www.blunt.senate.gov/public/?a=rss.feed,,,72.04657534246576
9,"[115, 116, 117]",True,Senior Senator for Arkansas,2023-01-03,Republican,202-224-4843,senator,Senator,class3,Class 3,senior,Senior,2017-01-03,AR,Sen.,Senator,https://www.boozman.senate.gov/public,141 Hart Senate Office Building Washington DC 20510,https://www.boozman.senate.gov/public/index.cfm/contact,202-228-1371,141 Hart Senate Office Building,B001236,1950-12-10,92069.0,John,male,Male,Boozman,https://www.govtrack.us/congress/members/john_boozman/400040,,Sen. John Boozman [R-AR],,,N00013873,27958,"Boozman, John (Sen.) [R-AR]",JohnBoozman,BoozmanPressOffice,,http://www.boozman.senate.gov/public/index.cfm/rss/feed,,,71.13150684931507
10,"[115, 116, 117]",True,Senior Senator for North Carolina,2023-01-03,Republican,202-224-3154,senator,Senator,class3,Class 3,senior,Senior,2017-01-03,NC,Sen.,Senator,https://www.burr.senate.gov,217 Russell Senate Office Building Washington DC 20510,https://www.burr.senate.gov/contact/email,202-228-2981,217 Russell Senate Office Building,B001135,1955-11-30,31054.0,Richard,male,Male,Burr,https://www.govtrack.us/congress/members/richard_burr/400054,M.,Sen. Richard Burr [R-NC],,,N00002221,21787,"Burr, Richard (Sen.) [R-NC]",SenatorBurr,SenatorRichardBurr,,http://www.burr.senate.gov/public/index.cfm?fuseaction=rss.feed,,,66.15616438356165
11,"[115, 116, 117]",True,Senior Senator for Kansas,2023-01-03,Republican,202-224-6521,senator,Senator,class3,Class 3,senior,Senior,2017-01-03,KS,Sen.,Senator,https://www.moran.senate.gov,521 Dirksen Senate Office Building Washington DC 20510,https://www.moran.senate.gov/public/index.cfm/e-mail-jerry,202-228-6966,521 Dirksen Senate Office Building,M000934,1954-05-29,45469.0,Jerry,male,Male,Moran,https://www.govtrack.us/congress/members/jerry_moran/400284,,Sen. Jerry Moran [R-KS],,,N00005282,542,"Moran, Jerry (Sen.) [R-KS]",JerryMoran,senatorjerrymoran,,http://www.moran.senate.gov/public/index.cfm/rss/feed/,,,67.66301369863014
12,"[115, 116, 117]",True,Junior Senator for Ohio,2023-01-03,Republican,202-224-3353,senator,Senator,class3,Class 3,junior,Junior,2017-01-03,OH,Sen.,Senator,https://www.portman.senate.gov,448 Russell Senate Office Building Washington DC 20510,https://www.portman.senate.gov/public/index.cfm/contact?p=contact-form,,448 Russell Senate Office Building,P000449,1955-12-19,31819.0,Robert,male,Male,Portman,https://www.govtrack.us/congress/members/robert_portman/400325,J.,Sen. Robert “Rob” Portman [R-OH],,Rob,N00003682,27008,"Portman, Robert “Rob” (Sen.) [R-OH]",SenRobPortman,SenRobPortman,,http://www.portman.senate.gov/public/index.cfm/rss/feed,,,66.1041095890411
13,"[115, 116, 117]",True,Junior Senator for Pennsylvania,2023-01-03,Republican,202-224-4254,senator,Senator,class3,Class 3,junior,Junior,2017-01-03,PA,Sen.,Senator,https://www.toomey.senate.gov,455 Dirksen Senate Office Building Washington DC 20510,https://www.toomey.senate.gov/?p=contact,202-228-0284,455 Dirksen Senate Office Building,T000461,1961-11-17,7958.0,Patrick,male,Male,Toomey,https://www.govtrack.us/congress/members/patrick_toomey/400408,J.,Sen. Patrick “Pat” Toomey [R-PA],,Pat,N00001489,24096,"Toomey, Patrick “Pat” (Sen.) [R-PA]",SenToomey,sentoomey,,http://toomey.senate.gov/rss/?p=hot_topic,,,60.18630136986302
14,"[115, 116, 117]",True,Junior Senator for Maryland,2023-01-03,Democrat,202-224-4654,senator,Senator,class3,Class 3,junior,Junior,2017-01-03,MD,Sen.,Senator,https://www.vanhollen.senate.gov,110 Hart Senate Office Building Washington DC 20510,https://www.vanhollen.senate.gov/contact/email,202-225-0375,110 Hart Senate Office Building,V000128,1959-01-10,20756.0,Chris,male,Male,Van Hollen,https://www.govtrack.us/congress/members/chris_van_hollen/400415,,Sen. Chris Van Hollen [D-MD],,,N00013820,6098,"Van Hollen, Chris (Sen.) [D-MD]",ChrisVanHollen,RepChrisVanHollen,,,,,63.04109589041096
15,"[115, 116, 117]",True,Senior Senator for South Dakota,2023-01-03,Republican,202-224-2321,senator,Senator,class3,Class 3,senior,Senior,2017-01-03,SD,Sen.,Senator,https://www.thune.senate.gov,511 Dirksen Senate Office Building Washington DC 20510,https://www.thune.senate.gov/public/index.cfm/contact,202-228-5429,511 Dirksen Senate Office Building,T000250,1961-01-07,45552.0,John,male,Male,Thune,https://www.govtrack.us/congress/members/john_thune/400546,,Sen. John Thune [R-SD],,,N00004572,398,"Thune, John (Sen.) [R-SD]",SenJohnThune,johnthune,Senate Minority Whip,http://www.thune.senate.gov/public/index.cfm/rss/feed,,,61.04657534246575
16,"[115, 116, 117]",True,Senior Senator for Colorado,2023-01-03,Democrat,202-224-5852,senator,Senator,class3,Class 3,senior,Senior,2017-01-03,CO,Sen.,Senator,https://www.bennet.senate.gov/public,261 Russell Senate Office Building Washington DC 20510,https://www.bennet.senate.gov/public/index.cfm/contact,202-228-5097,261 Russell Senate Office Building,B001267,1964-11-28,1031622.0,Michael,male,Male,Bennet,https://www.govtrack.us/congress/members/michael_bennet/412330,F.,Sen. Michael Bennet [D-CO],,,N00030608,110942,"Bennet, Michael (Sen.) [D-CO]",SenatorBennet,SenatorBennet,,http://www.bennet.senate.gov/rss/feeds/?type=news,,,57.153424657534245
17,"[115, 116, 117]",True,Senior Senator for Indiana,2023-01-03,Republican,202-224-5623,senator,Senator,class3,Class 3,senior,Senior,2017-01-03,IN,Sen.,Senator,https://www.young.senate.gov,185 Dirksen Senate Office Building Washington DC 20510,https://www.young.senate.gov/contact,202-226-6866,185 Dirksen Senate Office Building,Y000064,1972-08-24,1033743.0,Todd,male,Male,Young,https://www.govtrack.us/congress/members/todd_young/412428,C.,Sen. Todd Young [R-IN],,,N00030670,120345,"Young, Todd (Sen.) [R-IN]",SenToddYoung,RepToddYoung,,,,,49.41095890410959
18,"[115, 116, 117]",True,Junior Senator for Oklahoma,2023-01-03,Republican,202-224-5754,senator,Senator,class3,Class 3,junior,Junior,2017-01-03,OK,Sen.,Senator,https://www.lankford.senate.gov,316 Hart Senate Office Building Washington DC 20510,https://www.lankford.senate.gov/contact/email,,316 Hart Senate Office Building,L000575,1968-03-04,1033847.0,James,male,Male,Lankford,https://www.govtrack.us/congress/members/james_lankford/412464,,Sen. James Lankford [R-OK],,,N00031129,124938,"Lankford, James (Sen.) [R-OK]",SenatorLankford,SenatorLankford,,,,,53.88767123287671
19,"[115, 116, 117]",True,Junior Senator for South Carolina,2023-01-03,Republican,202-224-6121,senator,Senator,class3,Class 3,junior,Junior,2017-01-03,SC,Sen.,Senator,https://www.scott.senate.gov,104 Hart Senate Office Building Washington DC 20510,https://www.scott.senate.gov/contact/email-me,202-225-3407,104 Hart Senate Office Building,S001184,1965-09-19,623506.0,Tim,male,Male,Scott,https://www.govtrack.us/congress/members/tim_scott/412471,,Sen. Tim Scott [R-SC],,,N00031782,11940,"Scott, Tim (Sen.) [R-SC]",SenatorTimScott,SenatorTimScott,,http://www.scott.senate.gov/rss.xml,,,56.345205479452055
20,"[115, 116, 117]",True,Senior Senator for Connecticut,2023-01-03,Democrat,202-224-2823,senator,Senator,class3,Class 3,senior,Senior,2017-01-03,CT,Sen.,Senator,https://www.blumenthal.senate.gov,706 Hart Senate Office Building Washington DC 20510,https://www.blumenthal.senate.gov/contact/,202-224-9673,706 Hart Senate Office Building,B001277,1946-02-13,21799.0,Richard,male,Male,Blumenthal,https://www.govtrack.us/congress/members/richard_blumenthal/412490,,Sen. Richard Blumenthal [D-CT],,,N00031685,1568,"Blumenthal, Richard (Sen.) [D-CT]",SenBlumenthal,SenatorBlumenthal,,http://www.blumenthal.senate.gov/rss/feeds/?type=all,,,75.95616438356164
21,"[115, 116, 117]",True,Senior Senator for Florida,2023-01-03,Republican,202-224-3041,senator,Senator,class3,Class 3,senior,Senior,2017-01-03,FL,Sen.,Senator,https://www.rubio.senate.gov,284 Russell Senate Office Building Washington DC 20510,https://www.rubio.senate.gov/public/index.cfm/contact,202-228-0285,284 Russell Senate Office Building,R000595,1971-05-28,87599.0,Marco,male,Male,Rubio,https://www.govtrack.us/congress/members/marco_rubio/412491,,Sen. Marco Rubio [R-FL],,,N00030612,1601,"Rubio, Marco (Sen.) [R-FL]",SenRubioPress,SenatorMarcoRubio,,http://www.rubio.senate.gov/public/?a=rss.feed,,,50.654794520547945
22,"[115, 116, 117]",True,Junior Senator for Kentucky,2023-01-03,Republican,202-224-4343,senator,Senator,class3,Class 3,junior,Junior,2017-01-03,KY,Sen.,Senator,https://www.paul.senate.gov,167 Russell Senate Office Building Washington DC 20510,https://www.paul.senate.gov/connect/email-rand,202-228-1373,167 Russell Senate Office Building,P000603,1963-01-07,9265241.0,Rand,male,Male,Paul,https://www.govtrack.us/congress/members/rand_paul/412492,,Sen. Rand Paul [R-KY],,,N00030836,117285,"Paul, Rand (Sen.) [R-KY]",RandPaul,SenatorRandPaul,,http://paul.senate.gov/rss/?p=news,,,59.04657534246575
23,"[115, 116, 117]",True,Senior Senator for North Dakota,2023-01-03,Republican,202-224-2551,senator,Senator,class3,Class 3,senior,Senior,2017-01-03,ND,Sen.,Senator,https://www.hoeven.senate.gov,338 Russell Senate Office Building Washington DC 20510,https://www.hoeven.senate.gov/public/index.cfm/email-the-senator,202-224-7999,338 Russell Senate Office Building,H001061,1957-03-13,85233.0,John,male,Male,Hoeven,https://www.govtrack.us/congress/members/john_hoeven/412494,,Sen. John Hoeven [R-ND],,,N00031688,41788,"Hoeven, John (Sen.) [R-ND]",SenJohnHoeven,senatorjohnhoevennd,,http://www.hoeven.senate.gov/public/index.cfm/rss/feed,,,64.87123287671233
24,"[115, 116, 117]",True,Senior Senator for Utah,2023-01-03,Republican,202-224-5444,senator,Senator,class3,Class 3,senior,Senior,2017-01-03,UT,Sen.,Senator,https://www.lee.senate.gov,361A Russell Senate Office Building Washington DC 20510,https://www.lee.senate.gov/public/index.cfm/contact,,361a Russell Senate Office Building,L000577,1971-06-04,9267977.0,Mike,male,Male,Lee,https://www.govtrack.us/congress/members/mike_lee/412495,,Sen. Mike Lee [R-UT],,,N00031696,66395,"Lee, Mike (Sen.) [R-UT]",SenMikeLee,senatormikelee,,http://www.lee.senate.gov/public/index.cfm/rss/feed,,,50.635616438356166
25,"[115, 116, 117]",True,Senior Senator for Wisconsin,2023-01-03,Republican,202-224-5323,senator,Senator,class3,Class 3,senior,Senior,2017-01-03,WI,Sen.,Senator,https://www.ronjohnson.senate.gov,328 Hart Senate Office Building Washington DC 20510,https://www.ronjohnson.senate.gov/public/index.cfm/email-the-senator,920-230-7262,328 Hart Senate Office Building,J000293,1955-04-08,62835.0,Ron,male,Male,Johnson,https://www.govtrack.us/congress/members/ron_johnson/412496,,Sen. Ron Johnson [R-WI],,,N00032546,126217,"Johnson, Ron (Sen.) [R-WI]",SenRonJohnson,SenatorRonJohnson,,http://www.ronjohnson.senate.gov/public/index.cfm/rss/feed,,,66.8027397260274
26,"[115, 116, 117]",True,Senior Senator for Hawaii,2023-01-03,Democrat,202-224-3934,senator,Senator,class3,Class 3,senior,Senior,2017-01-03,HI,Sen.,Senator,https://www.schatz.senate.gov,722 Hart Senate Office Building Washington DC 20510,https://www.schatz.senate.gov/contact,202-228-1153,722 Hart Senate Office Building,S001194,1972-10-20,87784.0,Brian,male,Male,Schatz,https://www.govtrack.us/congress/members/brian_schatz/412507,Emanuel,Sen. Brian Schatz [D-HI],,,N00028138,17852,"Schatz, Brian (Sen.) [D-HI]",SenBrianSchatz,senbrianschatz,,,,,49.25479452054795
27,"[115, 116, 117]",True,Junior Senator for Illinois,2023-01-03,Democrat,202-224-2854,senator,Senator,class3,Class 3,junior,Junior,2017-01-03,IL,Sen.,Senator,https://www.duckworth.senate.gov,524 Hart Senate Office Building Washington DC 20510,https://www.duckworth.senate.gov/content/contact-senator,,524 Hart Senate Office Building,D000622,1968-03-12,94484.0,Tammy,female,Female,Duckworth,https://www.govtrack.us/congress/members/tammy_duckworth/412533,,Sen. Tammy Duckworth [D-IL],,,N00027860,57442,"Duckworth, Tammy (Sen.) [D-IL]",SenDuckworth,repduckworth,,,,,53.865753424657534
28,"[115, 116, 117]",True,Junior Senator for Louisiana,2023-01-03,Republican,202-224-4623,senator,Senator,class3,Class 3,junior,Junior,2017-01-03,LA,Sen.,Senator,https://www.kennedy.senate.gov/public,416 Russell Senate Office Building Washington DC 20510,https://www.kennedy.senate.gov/public/email-me,,416 Russell Senate Office Building,K000393,1951-11-21,1011723.0,John,male,Male,Kennedy,https://www.govtrack.us/congress/members/john_kennedy/412679,Neely,Sen. John Kennedy [R-LA],,,N00026823,35496,"Kennedy, John (Sen.) [R-LA]",SenJohnKennedy,,,,,,70.18356164383562
29,"[115, 116, 117]",True,Junior Senator for New Hampshire,2023-01-03,Democrat,202-224-3324,senator,Senator,class3,Class 3,junior,Junior,2017-01-03,NH,Sen.,Senator,https://www.hassan.senate.gov,324 Hart Senate Office Building Washington DC 20510,https://www.hassan.senate.gov/content/contact-senator,,324 Hart Senate Office Building,H001076,1958-02-27,67481.0,Margaret,female,Female,Hassan,https://www.govtrack.us/congress/members/margaret_hassan/412680,Wood,Sen. Margaret “Maggie” Hassan [D-NH],,Maggie,N00038397,42552,"Hassan, Margaret “Maggie” (Sen.) [D-NH]",Senatorhassan,,,,,,63.90958904109589
30,"[115, 116, 117]",True,Senior Senator for Nevada,2023-01-03,Democrat,202-224-3542,senator,Senator,class3,Class 3,senior,Senior,2017-01-03,NV,Sen.,Senator,https://www.cortezmasto.senate.gov,313 Hart Senate Office Building Washington DC 20510,https://www.cortezmasto.senate.gov/contact,,313 Hart Senate Office Building,C001113,1964-03-29,105698.0,Catherine,female,Female,Cortez Masto,https://www.govtrack.us/congress/members/catherine_cortez_masto/412681,,Sen. Catherine Cortez Masto [D-NV],,,N00037161,69579,"Cortez Masto, Catherine (Sen.) [D-NV]",sencortezmasto,,,,,,57.821917808219176
31,"[116, 117, 118]",True,Junior Senator for Washington,2025-01-03,Democrat,202-224-3441,senator,Senator,class1,Class 1,junior,Junior,2019-01-03,WA,Sen.,Senator,https://www.cantwell.senate.gov,511 Hart Senate Office Building Washington DC 20510,https://www.cantwell.senate.gov/public/index.cfm/email-maria,,511 Hart Senate Office Building,C000127,1958-10-13,26137.0,Maria,female,Female,Cantwell,https://www.govtrack.us/congress/members/maria_cantwell/300018,,Sen. Maria Cantwell [D-WA],,,N00007836,27122,"Cantwell, Maria (Sen.) [D-WA]",SenatorCantwell,SenatorCantwell,,http://www.cantwell.senate.gov/public/index.cfm/rss/feed,,,63.28493150684932
32,"[116, 117, 118]",True,Senior Senator for Delaware,2025-01-03,Democrat,202-224-2441,senator,Senator,class1,Class 1,senior,Senior,2019-01-03,DE,Sen.,Senator,https://www.carper.senate.gov/public,513 Hart Senate Office Building Washington DC 20510,https://www.carper.senate.gov/public/index.cfm/email-senator-carper,,513 Hart Senate Office Building,C000174,1947-01-23,663.0,Thomas,male,Male,Carper,https://www.govtrack.us/congress/members/thomas_carper/300019,Richard,Sen. Thomas Carper [D-DE],,,N00012508,22421,"Carper, Thomas (Sen.) [D-DE]",SenatorCarper,senatorcarper,,http://www.carper.senate.gov/public/index.cfm/rss/feed,,,75.01369863013699
33,"[116, 117, 118]",True,Senior Senator for California,2025-01-03,Democrat,202-224-3841,senator,Senator,class1,Class 1,senior,Senior,2019-01-03,CA,Sen.,Senator,https://www.feinstein.senate.gov,331 Hart Senate Office Building Washington DC 20510,https://www.feinstein.senate.gov/public/index.cfm/e-mail-me,,331 Hart Senate Office Building,F000062,1933-06-22,13061.0,Dianne,female,Female,Feinstein,https://www.govtrack.us/congress/members/dianne_feinstein/300043,,Sen. Dianne Feinstein [D-CA],,,N00007364,53273,"Feinstein, Dianne (Sen.) [D-CA]",SenFeinstein,SenatorFeinstein,,http://www.feinstein.senate.gov/public/?a=rss.feed,,,88.6109589041096
34,"[116, 117, 118]",True,Senior Senator for Michigan,2025-01-03,Democrat,202-224-4822,senator,Senator,class1,Class 1,senior,Senior,2019-01-03,MI,Sen.,Senator,https://www.stabenow.senate.gov,731 Hart Senate Office Building Washington DC 20510,https://www.stabenow.senate.gov/contact,,731 Hart Senate Office Building,S000770,1950-04-29,45451.0,Debbie,female,Female,Stabenow,https://www.govtrack.us/congress/members/debbie_stabenow/300093,Ann,Sen. Debbie Stabenow [D-MI],,,N00004118,515,"Stabenow, Debbie (Sen.) [D-MI]",SenStabenow,senatorstabenow,Senate Democratic Policy & Communications Committee Chair,http://stabenow.senate.gov/rss/?p=news,,,71.74794520547945
35,"[116, 117, 118]",True,Junior Senator for Wisconsin,2025-01-03,Democrat,202-224-5653,senator,Senator,class1,Class 1,junior,Junior,2019-01-03,WI,Sen.,Senator,https://www.baldwin.senate.gov,709 Hart Senate Office Building Washington DC 20510,https://www.baldwin.senate.gov/feedback,,709 Hart Senate Office Building,B001230,1962-02-11,57884.0,Tammy,female,Female,Baldwin,https://www.govtrack.us/congress/members/tammy_baldwin/400013,,Sen. Tammy Baldwin [D-WI],,,N00004367,3470,"Baldwin, Tammy (Sen.) [D-WI]",SenatorBaldwin,witammybaldwin,Senate Democratic Caucus Secretary,http://www.baldwin.senate.gov/rss/feeds/?type=all,,,59.95068493150685
36,"[116, 117, 118]",True,Senior Senator for Tennessee,2025-01-03,Republican,202-224-3344,senator,Senator,class1,Class 1,senior,Senior,2019-01-03,TN,Sen.,Senator,https://www.blackburn.senate.gov,357 Dirksen Senate Office Building Washington DC 20510,https://www.blackburn.senate.gov/email-me,,357 Dirksen Senate Office Building,B001243,1952-06-06,31226.0,Marsha,female,Female,Blackburn,https://www.govtrack.us/congress/members/marsha_blackburn/400032,W.,Sen. Marsha Blackburn [R-TN],,,N00003105,25186,"Blackburn, Marsha (Sen.) [R-TN]",MarshaBlackburn,RepMarshaBlackburn,,,,,69.64109589041095
37,"[116, 117, 118]",True,Senior Senator for Ohio,2025-01-03,Democrat,202-224-2315,senator,Senator,class1,Class 1,senior,Senior,2019-01-03,OH,Sen.,Senator,https://www.brown.senate.gov,503 Hart Senate Office Building Washington DC 20510,https://www.brown.senate.gov/contact/,,503 Hart Senate Office Building,B000944,1952-11-09,5051.0,Sherrod,male,Male,Brown,https://www.govtrack.us/congress/members/sherrod_brown/400050,,Sen. Sherrod Brown [D-OH],,,N00003535,27018,"Brown, Sherrod (Sen.) [D-OH]",SenSherrodBrown,SherrodBrownOhio,,http://www.brown.senate.gov/rss/feeds/?type=all&amp;,,,69.21369863013699
38,"[116, 117, 118]",True,Senior Senator for Maryland,2025-01-03,Democrat,202-224-4524,senator,Senator,class1,Class 1,senior,Senior,2019-01-03,MD,Sen.,Senator,https://www.cardin.senate.gov,509 Hart Senate Office Building Washington DC 20510,https://www.cardin.senate.gov/contact/,,509 Hart Senate Office Building,C000141,1943-10-05,4004.0,Benjamin,male,Male,Cardin,https://www.govtrack.us/congress/members/benjamin_cardin/400064,L.,Sen. Benjamin Cardin [D-MD],,,N00001955,26888,"Cardin, Benjamin (Sen.) [D-MD]",SenatorCardin,senatorcardin,,http://www.cardin.senate.gov/rss/feeds/?type=all,,,78.31780821917808
39,"[116, 117, 118]",True,Senior Senator for New Jersey,2025-01-03,Democrat,202-224-4744,senator,Senator,class1,Class 1,senior,Senior,2019-01-03,NJ,Sen.,Senator,https://www.menendez.senate.gov,528 Hart Senate Office Building Washington DC 20510,https://www.menendez.senate.gov/contact,,528 Hart Senate Office Building,M000639,1954-01-01,29608.0,Robert,male,Male,Menendez,https://www.govtrack.us/congress/members/robert_menendez/400272,,Sen. Robert “Bob” Menendez [D-NJ],,Bob,N00000699,26961,"Menendez, Robert “Bob” (Sen.) [D-NJ]",SenatorMenendez,SenatorMenendezNJ,,http://www.menendez.senate.gov/rss/feeds/index.cfm?type=news,,,68.06849315068493
40,"[116, 117, 118]",True,Junior Senator for Vermont,2025-01-03,Independent,202-224-5141,senator,Senator,class1,Class 1,junior,Junior,2019-01-03,VT,Sen.,Senator,https://www.sanders.senate.gov,332 Dirksen Senate Office Building Washington DC 20510,https://www.sanders.senate.gov/contact/,,332 Dirksen Senate Office Building,S000033,1941-09-08,994.0,Bernard,male,Male,Sanders,https://www.govtrack.us/congress/members/bernard_sanders/400357,,Sen. Bernard “Bernie” Sanders [I-VT],,Bernie,N00000528,27110,"Sanders, Bernard “Bernie” (Sen.) [I-VT]",SenSanders,senatorsanders,,http://www.sanders.senate.gov/rss/,Democrat,,80.3917808219178
41,"[116, 117, 118]",True,Senior Senator for Mississippi,2025-01-03,Republican,202-224-6253,senator,Senator,class1,Class 1,senior,Senior,2019-01-03,MS,Sen.,Senator,https://www.wicker.senate.gov,555 Dirksen Senate Office Building Washington DC 20510,https://www.wicker.senate.gov/public/index.cfm/contact,,555 Dirksen Senate Office Building,W000437,1951-07-05,18203.0,Roger,male,Male,Wicker,https://www.govtrack.us/congress/members/roger_wicker/400432,F.,Sen. Roger Wicker [R-MS],,,N00003280,21926,"Wicker, Roger (Sen.) [R-MS]",SenatorWicker,SenatorWicker,,,,,70.56438356164384
42,"[116, 117, 118]",True,Junior Senator for Connecticut,2025-01-03,Democrat,202-224-4041,senator,Senator,class1,Class 1,junior,Junior,2019-01-03,CT,Sen.,Senator,https://www.murphy.senate.gov,136 Hart Senate Office Building Washington DC 20510,https://www.murphy.senate.gov/contact,,136 Hart Senate Office Building,M001169,1973-08-03,1021270.0,Christopher,male,Male,Murphy,https://www.govtrack.us/congress/members/christopher_murphy/412194,S.,Sen. Christopher Murphy [D-CT],,,N00027566,17189,"Murphy, Christopher (Sen.) [D-CT]",senmurphyoffice,senchrismurphy,,http://www.theday.com/article/20121216/nws12/312169935/1069/rss,,,48.46849315068493
43,"[116, 117, 118]",True,Junior Senator for Hawaii,2025-01-03,Democrat,202-224-6361,senator,Senator,class1,Class 1,junior,Junior,2019-01-03,HI,Sen.,Senator,https://www.hirono.senate.gov,109 Hart Senate Office Building Washington DC 20510,https://www.hirono.senate.gov/contact,,109 Hart Senate Office Building,H001042,1947-11-03,91216.0,Mazie,female,Female,Hirono,https://www.govtrack.us/congress/members/mazie_hirono/412200,K.,Sen. Mazie Hirono [D-HI],,,N00028139,1677,"Hirono, Mazie (Sen.) [D-HI]",MazieHirono,CongresswomanHirono,,http://www.hirono.senate.gov/rss/feeds/?type=all,,,74.23561643835616
44,"[116, 117, 118]",True,Junior Senator for New York,2025-01-03,Democrat,202-224-4451,senator,Senator,class1,Class 1,junior,Junior,2019-01-03,NY,Sen.,Senator,https://www.gillibrand.senate.gov,478 Russell Senate Office Building Washington DC 20510,https://www.gillibrand.senate.gov/contact/email-me,,478 Russell Senate Office Building,G000555,1966-12-09,1022862.0,Kirsten,female,Female,Gillibrand,https://www.govtrack.us/congress/members/kirsten_gillibrand/412223,E.,Sen. Kirsten Gillibrand [D-NY],,,N00027658,65147,"Gillibrand, Kirsten (Sen.) [D-NY]",GillibrandNY,KirstenEGillibrand,,http://www.gillibrand.senate.gov/rss/,,,55.12328767123287
45,"[116, 117, 118]",True,Senior Senator for Minnesota,2025-01-03,Democrat,202-224-3244,senator,Senator,class1,Class 1,senior,Senior,2019-01-03,MN,Sen.,Senator,https://www.klobuchar.senate.gov,425 Dirksen Senate Office Building Washington DC 20510,https://www.klobuchar.senate.gov/public/index.cfm/contact,,425 Dirksen Senate Office Building,K000367,1960-05-25,83701.0,Amy,female,Female,Klobuchar,https://www.govtrack.us/congress/members/amy_klobuchar/412242,Jean,Sen. Amy Klobuchar [D-MN],,,N00027500,65092,"Klobuchar, Amy (Sen.) [D-MN]",SenAmyKlobuchar,senatorklobuchar,Senate Democratic Steering Committee Chair,,,,61.66849315068493
46,"[116, 117, 118]",True,Senior Senator for Montana,2025-01-03,Democrat,202-224-2644,senator,Senator,class1,Class 1,senior,Senior,2019-01-03,MT,Sen.,Senator,https://www.tester.senate.gov,311 Hart Senate Office Building Washington DC 20510,https://www.tester.senate.gov/?p=email_senator,,311 Hart Senate Office Building,T000464,1956-08-21,1020176.0,Jon,male,Male,Tester,https://www.govtrack.us/congress/members/jon_tester/412244,,Sen. Jon Tester [D-MT],,,N00027605,20928,"Tester, Jon (Sen.) [D-MT]",SenatorTester,senatorjontester,,http://www.tester.senate.gov/rss/?p=hot_topic,,,65.43013698630136
47,"[116, 117, 118]",True,Senior Senator for Pennsylvania,2025-01-03,Democrat,202-224-6324,senator,Senator,class1,Class 1,senior,Senior,2019-01-03,PA,Sen.,Senator,https://www.casey.senate.gov,393 Russell Senate Office Building Washington DC 20510,https://www.casey.senate.gov/contact,,393 Russell Senate Office Building,C001070,1960-04-13,47036.0,Robert,male,Male,Casey,https://www.govtrack.us/congress/members/robert_casey/412246,P.,Sen. Robert “Bob” Casey [D-PA],Jr.,Bob,N00027503,2541,"Casey, Robert “Bob” (Sen.) [D-PA]",SenBobCasey,SenatorBobCasey,,http://www.casey.senate.gov/rss/feeds/?all,,,61.78356164383562
48,"[116, 117, 118]",True,Junior Senator for Rhode Island,2025-01-03,Democrat,202-224-2921,senator,Senator,class1,Class 1,junior,Junior,2019-01-03,RI,Sen.,Senator,https://www.whitehouse.senate.gov,530 Hart Senate Office Building Washington DC 20510,https://www.whitehouse.senate.gov/contact/email-sheldon,,530 Hart Senate Office Building,W000802,1955-10-20,92235.0,Sheldon,male,Male,Whitehouse,https://www.govtrack.us/congress/members/sheldon_whitehouse/412247,,Sen. Sheldon Whitehouse [D-RI],,,N00027533,2572,"Whitehouse, Sheldon (Sen.) [D-RI]",SenWhitehouse,SenatorWhitehouse,,http://www.whitehouse.senate.gov/rss/feeds/?type=all&amp;cachebuster=1,,,66.26849315068493
49,"[116, 117, 118]",True,Senior Senator for Wyoming,2025-01-03,Republican,202-224-6441,senator,Senator,class1,Class 1,senior,Senior,2019-01-03,WY,Sen.,Senator,https://www.barrasso.senate.gov,307 Dirksen Senate Office Building Washington DC 20510,https://www.barrasso.senate.gov/public/index.cfm/contact-form,,307 Dirksen Senate Office Building,B001261,1952-07-21,1024777.0,John,male,Male,Barrasso,https://www.govtrack.us/congress/members/john_barrasso/412251,A.,Sen. John Barrasso [R-WY],,,N00006236,52662,"Barrasso, John (Sen.) [R-WY]",SenJohnBarrasso,barrassowyo,Senate Republican Conference Chair,http://www.barrasso.senate.gov/public/index.cfm?FuseAction=Rss.Feed,,,69.51780821917808
50,"[116, 117, 118]",True,Senior Senator for New Mexico,2025-01-03,Democrat,202-224-5521,senator,Senator,class1,Class 1,senior,Senior,2019-01-03,NM,Sen.,Senator,https://www.heinrich.senate.gov,303 Hart Senate Office Building Washington DC 20510,https://www.heinrich.senate.gov/contact,,303 Hart Senate Office Building,H001046,1971-10-17,1030686.0,Martin,male,Male,Heinrich,https://www.govtrack.us/congress/members/martin_heinrich/412281,,Sen. Martin Heinrich [D-NM],,,N00029835,74517,"Heinrich, Martin (Sen.) [D-NM]",MartinHeinrich,SenMartinHeinrich,,,,,50.26575342465753
51,"[116, 117, 118]",True,Senior Senator for West Virginia,2025-01-03,Democrat,202-224-3954,senator,Senator,class1,Class 1,senior,Senior,2019-01-03,WV,Sen.,Senator,https://www.manchin.senate.gov,306 Hart Senate Office Building Washington DC 20510,https://www.manchin.senate.gov/public/index.cfm/contact-form,,306 Hart Senate Office Building,M001183,1947-08-24,62864.0,Joe,male,Male,Manchin,https://www.govtrack.us/congress/members/joe_manchin/412391,,Sen. Joe Manchin [D-WV],III,,N00032838,7547,"Manchin, Joe (Sen.) [D-WV]",Sen_JoeManchin,SenatorJoeManchin,,http://www.manchin.senate.gov/public/index.cfm/rss/feed,,,74.43013698630136
52,"[116, 117, 118]",True,Senior Senator for Arizona,2025-01-03,Democrat,202-224-4521,senator,Senator,class1,Class 1,senior,Senior,2019-01-03,AZ,Sen.,Senator,https://www.sinema.senate.gov,317 Hart Senate Office Building Washington DC 20510,https://www.sinema.senate.gov/contact-kyrsten,,317 Hart Senate Office Building,S001191,1976-07-12,68489.0,Kyrsten,female,Female,Sinema,https://www.govtrack.us/congress/members/kyrsten_sinema/412509,,Sen. Kyrsten Sinema [D-AZ],,,N00033983,28338,"Sinema, Kyrsten (Sen.) [D-AZ]",SenatorSinema,repsinema,,,,,45.52602739726027
53,"[116, 117, 118]",True,Senior Senator for Massachusetts,2025-01-03,Democrat,202-224-4543,senator,Senator,class1,Class 1,senior,Senior,2019-01-03,MA,Sen.,Senator,https://www.warren.senate.gov,309 Hart Senate Office Building Washington DC 20510,https://www.warren.senate.gov/?p=email_senator,,309 Hart Senate Office Building,W000817,1949-06-22,1023023.0,Elizabeth,female,Female,Warren,https://www.govtrack.us/congress/members/elizabeth_warren/412542,,Sen. Elizabeth Warren [D-MA],,,N00033492,141272,"Warren, Elizabeth (Sen.) [D-MA]",SenWarren,senelizabethwarren,,http://www.warren.senate.gov/rss/?p=hot_topic,,,72.6
54,"[116, 117, 118]",True,Junior Senator for Maine,2025-01-03,Independent,202-224-5344,senator,Senator,class1,Class 1,junior,Junior,2019-01-03,ME,Sen.,Senator,https://www.king.senate.gov,133 Hart Senate Office Building Washington DC 20510,https://www.king.senate.gov/contact,,133 Hart Senate Office Building,K000383,1944-03-31,37413.0,Angus,male,Male,King,https://www.govtrack.us/congress/members/angus_king/412545,S.,Sen. Angus King [I-ME],Jr.,,N00034580,22381,"King, Angus (Sen.) [I-ME]",SenAngusKing,SenatorAngusKing,,http://www.king.senate.gov/rss/feeds/?type=all,Democrat,,77.83013698630137
55,"[116, 117, 118]",True,Junior Senator for North Dakota,2025-01-03,Republican,202-224-2043,senator,Senator,class1,Class 1,junior,Junior,2019-01-03,ND,Sen.,Senator,https://www.cramer.senate.gov,330 Hart Senate Office Building Washington DC 20510,https://www.cramer.senate.gov/contact/contact-kevin,,330 Hart Senate Office Building,C001096,1961-01-21,7600.0,Kevin,male,Male,Cramer,https://www.govtrack.us/congress/members/kevin_cramer/412555,,Sen. Kevin Cramer [R-ND],,,N00004614,444,"Cramer, Kevin (Sen.) [R-ND]",SenKevinCramer,kevincramer,,,,,61.00821917808219
56,"[116, 117, 118]",True,Senior Senator for Nebraska,2025-01-03,Republican,202-224-6551,senator,Senator,class1,Class 1,senior,Senior,2019-01-03,NE,Sen.,Senator,https://www.fischer.senate.gov,454 Russell Senate Office Building Washington DC 20510,https://www.fischer.senate.gov/public/index.cfm/contact,,454 Russell Senate Office Building,F000463,1951-03-01,1034067.0,Deb,female,Female,Fischer,https://www.govtrack.us/congress/members/deb_fischer/412556,,Sen. Deb Fischer [R-NE],,,N00033443,41963,"Fischer, Deb (Sen.) [R-NE]",SenatorFischer,senatordebfischer,,http://www.fischer.senate.gov/public/index.cfm/rss/feed,,,70.90958904109588
57,"[116, 117, 118]",True,Junior Senator for Texas,2025-01-03,Republican,202-224-5922,senator,Senator,class1,Class 1,junior,Junior,2019-01-03,TX,Sen.,Senator,https://www.cruz.senate.gov,127A Russell Senate Office Building Washington DC 20510,https://www.cruz.senate.gov/?p=form&id=16,,127a Russell Senate Office Building,C001098,1970-12-22,1019953.0,Ted,male,Male,Cruz,https://www.govtrack.us/congress/members/ted_cruz/412573,,Sen. Ted Cruz [R-TX],,,N00033085,135705,"Cruz, Ted (Sen.) [R-TX]",SenTedCruz,sentedcruz,,,,,51.084931506849315
58,"[116, 117, 118]",True,Junior Senator for Virginia,2025-01-03,Democrat,202-224-4024,senator,Senator,class1,Class 1,junior,Junior,2019-01-03,VA,Sen.,Senator,https://www.kaine.senate.gov,231 Russell Senate Office Building Washington DC 20510,https://www.kaine.senate.gov/contact,,231 Russell Senate Office Building,K000384,1958-02-26,49219.0,Timothy,male,Male,Kaine,https://www.govtrack.us/congress/members/timothy_kaine/412582,,Sen. Timothy “Tim” Kaine [D-VA],,Tim,N00033177,50772,"Kaine, Timothy “Tim” (Sen.) [D-VA]",,SenatorTimKaine,,http://www.kaine.senate.gov/rss/feeds/?type=all,,,63.912328767123284
59,"[116, 117, 118]",True,Junior Senator for Nevada,2025-01-03,Democrat,202-224-6244,senator,Senator,class1,Class 1,junior,Junior,2019-01-03,NV,Sen.,Senator,https://www.rosen.senate.gov,713 Hart Senate Office Building Washington DC 20510,https://www.rosen.senate.gov/contact_jacky,,713 Hart Senate Office Building,R000608,1957-08-02,104738.0,Jacky,female,Female,Rosen,https://www.govtrack.us/congress/members/jacky_rosen/412715,,Sen. Jacky Rosen [D-NV],,,N00038734,169471,"Rosen, Jacky (Sen.) [D-NV]",SenJackyRosen,,,,,,64.48219178082192
60,"[116, 117, 118]",True,Junior Senator for Florida,2025-01-03,Republican,202-224-5274,senator,Senator,class1,Class 1,junior,Junior,2019-01-08,FL,Sen.,Senator,https://www.rickscott.senate.gov,502 Hart Senate Office Building Washington DC 20510,https://www.rickscott.senate.gov/contact_rick,,502 Hart Senate Office Building,S001217,1952-12-01,,Rick,male,Male,Scott,https://www.govtrack.us/congress/members/rick_scott/412838,,Sen. Rick Scott [R-FL],,,N00043290,124204,"Scott, Rick (Sen.) [R-FL]",SenRickScott,,,,,,69.15342465753425
61,"[116, 117, 118]",True,Junior Senator for Indiana,2025-01-03,Republican,202-224-4814,senator,Senator,class1,Class 1,junior,Junior,2019-01-03,IN,Sen.,Senator,https://www.braun.senate.gov,404 Russell Senate Office Building Washington DC 20510,https://www.braun.senate.gov/contact-mike,,404 Russell Senate Office Building,B001310,1954-03-24,,Mike,male,Male,Braun,https://www.govtrack.us/congress/members/mike_braun/412839,,Sen. Mike Braun [R-IN],,,N00041731,148564,"Braun, Mike (Sen.) [R-IN]",SenatorBraun,,,,,,67.84383561643835
62,"[116, 117, 118]",True,Junior Senator for Missouri,2025-01-03,Republican,202-224-6154,senator,Senator,class1,Class 1,junior,Junior,2019-01-03,MO,Sen.,Senator,https://www.hawley.senate.gov,115 Russell Senate Office Building Washington DC 20510,https://www.hawley.senate.gov/contact-senator-hawley,,115 Russell Senate Office Building,H001089,1979-12-31,,Joshua,male,Male,Hawley,https://www.govtrack.us/congress/members/joshua_hawley/412840,,Sen. Joshua “Josh” Hawley [R-MO],,Josh,N00041620,169716,"Hawley, Joshua “Josh” (Sen.) [R-MO]",SenHawleyPress,,,,,,42.054794520547944
63,"[116, 117, 118]",True,Junior Senator for Utah,2025-01-03,Republican,202-224-5251,senator,Senator,class1,Class 1,junior,Junior,2019-01-03,UT,Sen.,Senator,https://www.romney.senate.gov,354 Russell Senate Office Building Washington DC 20510,https://www.romney.senate.gov/contact-senator-romney,,354 Russell Senate Office Building,R000615,1947-03-12,,Mitt,male,Male,Romney,https://www.govtrack.us/congress/members/mitt_romney/412841,,Sen. Mitt Romney [R-UT],,,N00000286,21942,"Romney, Mitt (Sen.) [R-UT]",SenatorRomney,,,,,,74.88219178082191
64,"[116, 117]",True,Junior Senator for Arizona,2023-01-03,Democrat,202-224-2235,senator,Senator,class3,Class 3,junior,Junior,2020-12-02,AZ,Sen.,Senator,https://www.kelly.senate.gov,516 Hart Senate Office Building Washington DC 20510,https://www.kelly.senate.gov,,516 Hart Senate Office Building,K000377,1964-02-21,,Mark,male,Male,Kelly,https://www.govtrack.us/congress/members/mark_kelly/456794,,Sen. Mark Kelly [D-AZ],,,N00044223,,"Kelly, Mark (Sen.) [D-AZ]",SenMarkKelly,,,,,special-election,57.92328767123288
65,"[117, 118, 119]",True,Senior Senator for Maine,2027-01-03,Republican,202-224-2523,senator,Senator,class2,Class 2,senior,Senior,2021-01-03,ME,Sen.,Senator,https://www.collins.senate.gov,413 Dirksen Senate Office Building Washington DC 20510,https://www.collins.senate.gov/contact,,413 Dirksen Senate Office Building,C001035,1952-12-07,45738.0,Susan,female,Female,Collins,https://www.govtrack.us/congress/members/susan_collins/300025,M.,Sen. Susan Collins [R-ME],,,N00000491,379,"Collins, Susan (Sen.) [R-ME]",SenatorCollins,SenatorSusanCollins,,http://www.collins.senate.gov/public/?a=rss.feed,,,69.13698630136986
66,"[117, 118, 119]",True,Senior Senator for Texas,2027-01-03,Republican,202-224-2934,senator,Senator,class2,Class 2,senior,Senior,2021-01-03,TX,Sen.,Senator,https://www.cornyn.senate.gov,517 Hart Senate Office Building Washington DC 20510,https://www.cornyn.senate.gov/contact,,517 Hart Senate Office Building,C001056,1952-02-02,93131.0,John,male,Male,Cornyn,https://www.govtrack.us/congress/members/john_cornyn/300027,,Sen. John Cornyn [R-TX],,,N00024852,15375,"Cornyn, John (Sen.) [R-TX]",JohnCornyn,senjohncornyn,,http://www.cornyn.senate.gov/public/?a=rss.feed,,,69.98356164383561
67,"[117, 118, 119]",True,Senior Senator for Illinois,2027-01-03,Democrat,202-224-2152,senator,Senator,class2,Class 2,senior,Senior,2021-01-03,IL,Sen.,Senator,https://www.durbin.senate.gov,711 Hart Senate Office Building Washington DC 20510,https://www.durbin.senate.gov/contact/,,711 Hart Senate Office Building,D000563,1944-11-21,6741.0,Richard,male,Male,Durbin,https://www.govtrack.us/congress/members/richard_durbin/300038,J.,Sen. Richard Durbin [D-IL],,,N00004981,26847,"Durbin, Richard (Sen.) [D-IL]",SenatorDurbin,SenatorDurbin,Senate Majority Whip,http://durbin.senate.gov/public/index.cfm/rss/feed,,,77.18630136986302
68,"[117, 118, 119]",True,Senior Senator for South Carolina,2027-01-03,Republican,202-224-5972,senator,Senator,class2,Class 2,senior,Senior,2021-01-03,SC,Sen.,Senator,https://www.lgraham.senate.gov/public,290 Russell Senate Office Building Washington DC 20510,https://www.lgraham.senate.gov/public/index.cfm/e-mail-senator-graham,,290 Russell Senate Office Building,G000359,1955-07-09,36782.0,Lindsey,male,Male,Graham,https://www.govtrack.us/congress/members/lindsey_graham/300047,O.,Sen. Lindsey Graham [R-SC],,,N00009975,21992,"Graham, Lindsey (Sen.) [R-SC]",GrahamBlog,USSenLindseyGraham,,http://www.lgraham.senate.gov/public/index.cfm?FuseAction=Rss.Feed,,,66.55068493150685
69,"[117, 118, 119]",True,Senior Senator for Oklahoma,2027-01-03,Republican,202-224-4721,senator,Senator,class2,Class 2,senior,Senior,2021-01-03,OK,Sen.,Senator,https://www.inhofe.senate.gov,205 Russell Senate Office Building Washington DC 20510,https://www.inhofe.senate.gov/contact,,205 Russell Senate Office Building,I000024,1934-11-17,5619.0,James,male,Male,Inhofe,https://www.govtrack.us/congress/members/james_inhofe/300055,M.,Sen. James “Jim” Inhofe [R-OK],,Jim,N00005582,27027,"Inhofe, James “Jim” (Sen.) [R-OK]",InhofePress,jiminhofepressoffice,,http://www.inhofe.senate.gov/rss/feeds/?type=all&amp;cachebuster=eea6c4d7%2d939c%2d5c1e%2db6c7aa3b8b291208,,,87.20547945205479
70,"[117, 118, 119]",True,Senior Senator for Kentucky,2027-01-03,Republican,202-224-2541,senator,Senator,class2,Class 2,senior,Senior,2021-01-03,KY,Sen.,Senator,https://www.mcconnell.senate.gov,317 Russell Senate Office Building Washington DC 20510,https://www.mcconnell.senate.gov/public/index.cfm?p=contact,,317 Russell Senate Office Building,M000355,1942-02-20,2351.0,Mitch,male,Male,McConnell,https://www.govtrack.us/congress/members/mitch_mcconnell/300072,,Sen. Mitch McConnell [R-KY],,,N00003389,53298,"McConnell, Mitch (Sen.) [R-KY]",McConnellPress,,Senate Minority Leader,http://www.mcconnell.senate.gov/public/?a=rss.feed,,,79.93972602739726
71,"[117, 118, 119]",True,Junior Senator for Oregon,2027-01-03,Democrat,202-224-3753,senator,Senator,class2,Class 2,junior,Junior,2021-01-03,OR,Sen.,Senator,https://www.merkley.senate.gov,531 Hart Senate Office Building Washington DC 20510,https://www.merkley.senate.gov/contact/,,531 Hart Senate Office Building,M001176,1956-10-24,1029842.0,Jeff,male,Male,Merkley,https://www.govtrack.us/congress/members/jeff_merkley/412325,,Sen. Jeff Merkley [D-OR],,,N00029303,23644,"Merkley, Jeff (Sen.) [D-OR]",SenJeffMerkley,SenatorJeffMerkley,,http://www.merkley.senate.gov/rss/,,,65.25479452054795
72,"[117, 118, 119]",True,Senior Senator for Rhode Island,2027-01-03,Democrat,202-224-4642,senator,Senator,class2,Class 2,senior,Senior,2021-01-03,RI,Sen.,Senator,https://www.reed.senate.gov,728 Hart Senate Office Building Washington DC 20510,https://www.reed.senate.gov/contact/,,728 Hart Senate Office Building,R000122,1949-11-12,24239.0,John,male,Male,Reed,https://www.govtrack.us/congress/members/john_reed/300081,F.,Sen. John “Jack” Reed [D-RI],,Jack,N00000362,27060,"Reed, John “Jack” (Sen.) [D-RI]",SenJackReed,SenatorReed,,https://www.reed.senate.gov//rss/feeds/?type=all,,,72.20821917808219
73,"[117, 118, 119]",True,Junior Senator for Idaho,2027-01-03,Republican,202-224-2752,senator,Senator,class2,Class 2,junior,Junior,2021-01-03,ID,Sen.,Senator,https://www.risch.senate.gov,483 Russell Senate Office Building Washington DC 20510,https://www.risch.senate.gov/public/index.cfm?p=Email,,483 Russell Senate Office Building,R000584,1943-05-03,1020034.0,James,male,Male,Risch,https://www.govtrack.us/congress/members/james_risch/412322,E.,Sen. James Risch [R-ID],,,N00029441,2919,"Risch, James (Sen.) [R-ID]",SenatorRisch,SenatorJamesRisch,,,,,78.74246575342465
74,"[117, 118, 119]",True,Senior Senator for New Hampshire,2027-01-03,Democrat,202-224-2841,senator,Senator,class2,Class 2,senior,Senior,2021-01-03,NH,Sen.,Senator,https://www.shaheen.senate.gov,506 Hart Senate Office Building Washington DC 20510,https://www.shaheen.senate.gov/contact/contact-jeanne,,506 Hart Senate Office Building,S001181,1947-01-28,22850.0,Jeanne,female,Female,Shaheen,https://www.govtrack.us/congress/members/jeanne_shaheen/412323,,Sen. Jeanne Shaheen [D-NH],,,N00024790,1663,"Shaheen, Jeanne (Sen.) [D-NH]",SenatorShaheen,senatorshaheen,,http://www.shaheen.senate.gov/rss/,,,75.0
75,"[117, 118, 119]",True,Senior Senator for Virginia,2027-01-03,Democrat,202-224-2023,senator,Senator,class2,Class 2,senior,Senior,2021-01-03,VA,Sen.,Senator,https://www.warner.senate.gov,703 Hart Senate Office Building Washington DC 20510,https://www.warner.senate.gov/public/index.cfm?p=Contact,,703 Hart Senate Office Building,W000805,1954-12-15,7630.0,Mark,male,Male,Warner,https://www.govtrack.us/congress/members/mark_warner/412321,R.,Sen. Mark Warner [D-VA],,,N00002097,535,"Warner, Mark (Sen.) [D-VA]",MarkWarner,SenatorMarkWarner,,http://www.warner.senate.gov/public/?a=rss.feed,,,67.11506849315069
76,"[117, 118, 119]",True,Junior Senator for Delaware,2027-01-03,Democrat,202-224-5042,senator,Senator,class2,Class 2,junior,Junior,2021-01-03,DE,Sen.,Senator,https://www.coons.senate.gov,218 Russell Senate Office Building Washington DC 20510,https://www.coons.senate.gov/contact,,218 Russell Senate Office Building,C001088,1963-09-09,9269028.0,Christopher,male,Male,Coons,https://www.govtrack.us/congress/members/christopher_coons/412390,Andrew,Sen. Christopher Coons [D-DE],,,N00031820,122834,"Coons, Christopher (Sen.) [D-DE]",ChrisCoons,senatorchriscoons,,http://www.coons.senate.gov/rss/feeds/?type=all,,,58.37534246575343
77,"[117, 118, 119]",True,Junior Senator for West Virginia,2027-01-03,Republican,202-224-6472,senator,Senator,class2,Class 2,junior,Junior,2021-01-03,WV,Sen.,Senator,https://www.capito.senate.gov,172 Russell Senate Office Building Washington DC 20510,https://www.capito.senate.gov/contact/contact-shelley,,172 Russell Senate Office Building,C001047,1953-11-26,83737.0,Shelley,female,Female,Capito,https://www.govtrack.us/congress/members/shelley_capito/400061,Moore,Sen. Shelley Capito [R-WV],,,N00009771,11701,"Capito, Shelley (Sen.) [R-WV]",SenCapito,,,,,,68.16712328767123
78,"[117, 118, 119]",True,Senior Senator for Louisiana,2027-01-03,Republican,202-224-5824,senator,Senator,class2,Class 2,senior,Senior,2021-01-03,LA,Sen.,Senator,https://www.cassidy.senate.gov,520 Hart Senate Office Building Washington DC 20510,https://www.cassidy.senate.gov/contact,,520 Hart Senate Office Building,C001075,1957-09-28,1030546.0,Bill,male,Male,Cassidy,https://www.govtrack.us/congress/members/bill_cassidy/412269,,Sen. Bill Cassidy [R-LA],,,N00030245,69494,"Cassidy, Bill (Sen.) [R-LA]",SenBillCassidy,SenatorBillCassidy,,,,,64.32602739726028
79,"[117, 118, 119]",True,Junior Senator for New Mexico,2027-01-03,Democrat,202-224-6621,senator,Senator,class2,Class 2,junior,Junior,2021-01-03,NM,Sen.,Senator,https://www.lujan.senate.gov,498 Russell Senate Office Building Washington DC 20510,https://www.lujan.senate.gov,,498 Russell Senate Office Building,L000570,1972-06-07,1031351.0,Ben,male,Male,Luján,https://www.govtrack.us/congress/members/ben_lujan/412293,Ray,Sen. Ben Luján [D-NM],,,N00029562,102842,"Luján, Ben (Sen.) [D-NM]",SenatorLujan,,,,,,49.62465753424657
80,"[117, 118, 119]",True,Junior Senator for Massachusetts,2027-01-03,Democrat,202-224-2742,senator,Senator,class2,Class 2,junior,Junior,2021-01-03,MA,Sen.,Senator,https://www.markey.senate.gov,255 Dirksen Senate Office Building Washington DC 20510,https://www.markey.senate.gov/contact,,255 Dirksen Senate Office Building,M000133,1946-07-11,260.0,Edward,male,Male,Markey,https://www.govtrack.us/congress/members/edward_markey/400253,J.,Sen. Edward “Ed” Markey [D-MA],,Ed,N00000270,26900,"Markey, Edward “Ed” (Sen.) [D-MA]",SenMarkey,RepMarkey,,,,,75.55068493150685
81,"[117, 118, 119]",True,Junior Senator for Michigan,2027-01-03,Democrat,202-224-6221,senator,Senator,class2,Class 2,junior,Junior,2021-01-03,MI,Sen.,Senator,https://www.peters.senate.gov,724 Hart Senate Office Building Washington DC 20510,https://www.peters.senate.gov/contact/email-gary,,724 Hart Senate Office Building,P000595,1958-12-01,50199.0,Gary,male,Male,Peters,https://www.govtrack.us/congress/members/gary_peters/412305,C.,Sen. Gary Peters [D-MI],,,N00029277,8749,"Peters, Gary (Sen.) [D-MI]",SenGaryPeters,RepGaryPeters,,,,,63.15068493150685
82,"[117, 118, 119]",True,Junior Senator for Arkansas,2027-01-03,Republican,202-224-2353,senator,Senator,class2,Class 2,junior,Junior,2021-01-03,AR,Sen.,Senator,https://www.cotton.senate.gov,326 Russell Senate Office Building Washington DC 20510,https://www.cotton.senate.gov/contact/contact-tom,,326 Russell Senate Office Building,C001095,1977-05-13,63928.0,Tom,male,Male,Cotton,https://www.govtrack.us/congress/members/tom_cotton/412508,,Sen. Tom Cotton [R-AR],,,N00033363,135651,"Cotton, Tom (Sen.) [R-AR]",SenTomCotton,RepTomCotton,,,,,44.69041095890411
83,"[117, 118, 119]",True,Junior Senator for Montana,2027-01-03,Republican,202-224-2651,senator,Senator,class2,Class 2,junior,Junior,2021-01-03,MT,Sen.,Senator,https://www.daines.senate.gov,320 Hart Senate Office Building Washington DC 20510,https://www.daines.senate.gov/connect/email-steve,,320 Hart Senate Office Building,D000618,1962-08-20,1034037.0,Steve,male,Male,Daines,https://www.govtrack.us/congress/members/steve_daines/412549,,Sen. Steve Daines [R-MT],,,N00033054,135720,"Daines, Steve (Sen.) [R-MT]",SteveDaines,SteveDainesMT,,,,,59.43013698630137
84,"[117, 118, 119]",True,Junior Senator for New Jersey,2027-01-03,Democrat,202-224-3224,senator,Senator,class2,Class 2,junior,Junior,2021-01-03,NJ,Sen.,Senator,https://www.booker.senate.gov,717 Hart Senate Office Building Washington DC 20510,https://www.booker.senate.gov/?p=contact,,717 Hart Senate Office Building,B001288,1969-04-27,84679.0,Cory,male,Male,Booker,https://www.govtrack.us/congress/members/cory_booker/412598,Anthony,Sen. Cory Booker [D-NJ],,,N00035267,76151,"Booker, Cory (Sen.) [D-NJ]",SenBooker,SenCoryBooker,,,,,52.73972602739726
85,"[117, 118, 119]",True,Junior Senator for Alaska,2027-01-03,Republican,202-224-3004,senator,Senator,class2,Class 2,junior,Junior,2021-01-03,AK,Sen.,Senator,https://www.sullivan.senate.gov,302 Hart Senate Office Building Washington DC 20510,https://www.sullivan.senate.gov/contact/email,,302 Hart Senate Office Building,S001198,1964-11-13,1023262.0,Dan,male,Male,Sullivan,https://www.govtrack.us/congress/members/dan_sullivan/412665,,Sen. Dan Sullivan [R-AK],,,N00035774,114964,"Sullivan, Dan (Sen.) [R-AK]",SenDanSullivan,,,,,,57.1945205479452
86,"[117, 118, 119]",True,Junior Senator for Iowa,2027-01-03,Republican,202-224-3254,senator,Senator,class2,Class 2,junior,Junior,2021-01-03,IA,Sen.,Senator,https://www.ernst.senate.gov/public,730 Hart Senate Office Building Washington DC 20510,https://www.ernst.senate.gov/public/index.cfm/contact,,730 Hart Senate Office Building,E000295,1970-07-01,75342.0,Joni,female,Female,Ernst,https://www.govtrack.us/congress/members/joni_ernst/412667,,Sen. Joni Ernst [R-IA],,,N00035483,128583,"Ernst, Joni (Sen.) [R-IA]",SenJoniErnst,,Senate Republican Conference Vice Chair,,,,51.56164383561644
87,"[117, 118, 119]",True,Junior Senator for North Carolina,2027-01-03,Republican,202-224-6342,senator,Senator,class2,Class 2,junior,Junior,2021-01-03,NC,Sen.,Senator,https://www.tillis.senate.gov,113 Dirksen Senate Office Building Washington DC 20510,https://www.tillis.senate.gov/public/index.cfm/email-me,,113 Dirksen Senate Office Building,T000476,1960-08-30,77055.0,Thom,male,Male,Tillis,https://www.govtrack.us/congress/members/thom_tillis/412668,,Sen. Thom Tillis [R-NC],,,N00035492,57717,"Tillis, Thom (Sen.) [R-NC]",senthomtillis,,,,,,61.4027397260274
88,"[117, 118, 119]",True,Junior Senator for South Dakota,2027-01-03,Republican,202-224-5842,senator,Senator,class2,Class 2,junior,Junior,2021-01-03,SD,Sen.,Senator,https://www.rounds.senate.gov,716 Hart Senate Office Building Washington DC 20510,https://www.rounds.senate.gov/contact/email-mike,,716 Hart Senate Office Building,R000605,1954-10-24,78317.0,Mike,male,Male,Rounds,https://www.govtrack.us/congress/members/mike_rounds/412669,,Sen. Mike Rounds [R-SD],,,N00035187,7455,"Rounds, Mike (Sen.) [R-SD]",SenatorRounds,,,,,,67.25753424657535
89,"[117, 118, 119]",True,Junior Senator for Nebraska,2027-01-03,Republican,202-224-4224,senator,Senator,class2,Class 2,junior,Junior,2021-01-03,NE,Sen.,Senator,https://www.sasse.senate.gov/public,139 Russell Senate Office Building Washington DC 20510,https://www.sasse.senate.gov/public/index.cfm/email-ben,,139 Russell Senate Office Building,S001197,1972-02-22,77429.0,Benjamin,male,Male,Sasse,https://www.govtrack.us/congress/members/benjamin_sasse/412671,Eric,Sen. Benjamin “Ben” Sasse [R-NE],,Ben,N00035544,150182,"Sasse, Benjamin “Ben” (Sen.) [R-NE]",SenSasse,,,,,,49.915068493150685
90,"[117, 118, 119]",True,Junior Senator for Kansas,2027-01-03,Republican,202-224-4774,senator,Senator,class2,Class 2,junior,Junior,2021-01-03,KS,Sen.,Senator,https://www.marshall.senate.gov,479A Russell Senate Office Building Washington DC 20510,https://www.marshall.senate.gov,,479a Russell Senate Office Building,M001198,1960-08-09,103425.0,Roger,male,Male,Marshall,https://www.govtrack.us/congress/members/roger_marshall/412704,,Sen. Roger Marshall [R-KS],,,N00037034,172080,"Marshall, Roger (Sen.) [R-KS]",SenatorMarshall,,,,,,61.46027397260274
91,"[117, 118, 119]",True,Junior Senator for Minnesota,2027-01-03,Democrat,202-224-5641,senator,Senator,class2,Class 2,junior,Junior,2021-01-03,MN,Sen.,Senator,https://www.smith.senate.gov,720 Hart Senate Office Building Washington DC 20510,https://www.smith.senate.gov/contact-tina,,720 Hart Senate Office Building,S001203,1958-03-04,111313.0,Tina,female,Female,Smith,https://www.govtrack.us/congress/members/tina_smith/412742,Flint,Sen. Tina Smith [D-MN],,,N00042353,152968,"Smith, Tina (Sen.) [D-MN]",SenTinaSmith,,,,,,63.895890410958906
92,"[117, 118, 119]",True,Junior Senator for Mississippi,2027-01-03,Republican,202-224-5054,senator,Senator,class2,Class 2,junior,Junior,2021-01-03,MS,Sen.,Senator,https://www.hydesmith.senate.gov,702 Hart Senate Office Building Washington DC 20510,https://www.hydesmith.senate.gov/content/contact-senator,,702 Hart Senate Office Building,H001079,1959-05-10,113208.0,Cindy,female,Female,Hyde-Smith,https://www.govtrack.us/congress/members/cindy_hyde_smith/412743,,Sen. Cindy Hyde-Smith [R-MS],,,N00043298,20784,"Hyde-Smith, Cindy (Sen.) [R-MS]",SenHydeSmith,,,,,,62.71232876712329
93,"[117, 118, 119]",True,Junior Senator for Wyoming,2027-01-03,Republican,202-224-3424,senator,Senator,class2,Class 2,junior,Junior,2021-01-03,WY,Sen.,Senator,https://www.lummis.senate.gov,124 Russell Senate Office Building Washington DC 20510,https://www.lummis.senate.gov,,124 Russell Senate Office Building,L000571,1954-09-10,1031365.0,Cynthia,female,Female,Lummis,https://www.govtrack.us/congress/members/cynthia_lummis/412294,M.,Sen. Cynthia Lummis [R-WY],,,N00029788,15546,"Lummis, Cynthia (Sen.) [R-WY]",SenLummis,,,,,,67.37808219178082
94,"[117, 118, 119]",True,Junior Senator for Alabama,2027-01-03,Republican,202-224-4124,senator,Senator,class2,Class 2,junior,Junior,2021-01-03,AL,Sen.,Senator,https://www.tuberville.senate.gov,142 Russell Senate Office Building Washington DC 20510,https://www.tuberville.senate.gov,,142 Russell Senate Office Building,T000278,1954-09-18,,Tommy,male,Male,Tuberville,https://www.govtrack.us/congress/members/tommy_tuberville/456796,Hawley,Sen. Tommy Tuberville [R-AL],,,N00044434,188306,"Tuberville, Tommy (Sen.) [R-AL]",SenTuberville,,,,,,67.35616438356165
95,"[117, 118, 119]",True,Junior Senator for Colorado,2027-01-03,Democrat,202-224-5941,senator,Senator,class2,Class 2,junior,Junior,2021-01-03,CO,Sen.,Senator,https://www.hickenlooper.senate.gov,374 Russell Senate Office Building Washington DC 20510,https://www.hickenlooper.senate.gov,,374 Russell Senate Office Building,H000273,1952-02-07,,John,male,Male,Hickenlooper,https://www.govtrack.us/congress/members/john_hickenlooper/456797,Wright,Sen. John Hickenlooper [D-CO],,,N00044206,,"Hickenlooper, John (Sen.) [D-CO]",,,,,,,69.96986301369863
96,"[117, 118, 119]",True,Junior Senator for Tennessee,2027-01-03,Republican,202-224-4944,senator,Senator,class2,Class 2,junior,Junior,2021-01-03,TN,Sen.,Senator,https://www.hagerty.senate.gov,248 Russell Senate Office Building Washington DC 20510,https://www.hagerty.senate.gov,,248 Russell Senate Office Building,H000601,1959-08-14,,Bill,male,Male,Hagerty,https://www.govtrack.us/congress/members/bill_hagerty/456798,Francis,Sen. Bill Hagerty [R-TN],,,N00045369,128466,"Hagerty, Bill (Sen.) [R-TN]",SenatorHagerty,,,,,,62.44931506849315
97,[117],True,Junior Senator for California,2023-01-03,Democrat,202-224-3553,senator,Senator,class3,Class 3,junior,Junior,2021-01-20,CA,Sen.,Senator,https://www.padilla.senate.gov,112 Hart Senate Office Building Washington DC 20510,https://www.padilla.senate.gov,,112 Hart Senate Office Building,P000145,1973-03-22,,Alejandro,male,Male,Padilla,https://www.govtrack.us/congress/members/alejandro_padilla/456856,,Sen. Alejandro “Alex” Padilla [D-CA],,Alex,N00047888,,"Padilla, Alejandro “Alex” (Sen.) [D-CA]",SenAlexPadilla,,,,,appointment,48.83561643835616
98,"[117, 118, 119]",True,Senior Senator for Georgia,2027-01-03,Democrat,202-224-3521,senator,Senator,class2,Class 2,senior,Senior,2021-01-20,GA,Sen.,Senator,https://www.ossoff.senate.gov,455 Russell Senate Office Building Washington DC 20510,https://www.ossoff.senate.gov,,455 Russell Senate Office Building,O000174,1987-02-16,,Jon,male,Male,Ossoff,https://www.govtrack.us/congress/members/jon_ossoff/456857,,Sen. Jon Ossoff [D-GA],,,N00040675,,"Ossoff, Jon (Sen.) [D-GA]",SenOssoff,,,,,,34.92054794520548
99,[117],True,Junior Senator for Georgia,2023-01-03,Democrat,202-224-3643,senator,Senator,class3,Class 3,junior,Junior,2021-01-20,GA,Sen.,Senator,https://www.warnock.senate.gov,388 Russell Senate Office Building Washington DC 20510,https://www.warnock.senate.gov,,388 Russell Senate Office Building,W000790,1969-07-23,,Raphael,male,Male,Warnock,https://www.govtrack.us/congress/members/raphael_warnock/456858,Gamaliel,Sen. Raphael Warnock [D-GA],,,N00046489,,"Warnock, Raphael (Sen.) [D-GA]",SenatorWarnock,,,,,special-election,52.5013698630137
